;id;kode_sarana;kode_sarana_lama;id_kartu;id_jenis;id_sub_jenis;seri;tahun_dinas;id_daops;id_depo;status;negara_asal;tgl_uji_pertama;tgl_masa_uji;tgl_masa_perawatan;pabrikan;id_pemilik;created_at;last_update
0;7;SC30501;KIROW KRC 800 N;0;9;20;66;2005;30;20;Aktiv;;0000-00-00;0000-00-00;0000-00-00;KIROW AG;1;0000-00-00 00:00:00;0000-00-00 00:00:00
1;8;SC30502;KIROW KRC 800 N;0;9;20;66;2005;29;30;Aktiv;;0000-00-00;0000-00-00;0000-00-00;KIROW AG;1;0000-00-00 00:00:00;0000-00-00 00:00:00
2;1814;GB350901;ZZOW 351001;0;4;16;58;2009;28;71;Aktiv;;2009-12-28;2020-11-29;0000-00-00;PT INKA;1;0000-00-00 00:00:00;0000-00-00 00:00:00
3;1815;GB350902;ZZOW 351002;0;4;16;58;2009;28;71;Aktiv;;2009-12-28;2020-11-29;0000-00-00;PT INKA;1;0000-00-00 00:00:00;0000-00-00 00:00:00
4;1816;GB350903;ZZOW 351003;0;4;16;58;2009;28;71;Aktiv;;2009-12-28;2020-11-29;0000-00-00;PT INKA;1;0000-00-00 00:00:00;0000-00-00 00:00:00
5;1817;GB350904;ZZOW 351004;0;4;16;58;2009;28;71;Aktiv;;2009-12-28;2020-11-29;0000-00-00;PT INKA;1;0000-00-00 00:00:00;0000-00-00 00:00:00
6;1818;GB350905;ZZOW 351005;0;4;16;58;2009;28;71;Aktiv;;2009-12-28;2020-11-29;0000-00-00;PT INKA;1;0000-00-00 00:00:00;0000-00-00 00:00:00
7;1819;GB350906;ZZOW 351006;0;4;16;58;2009;28;71;Aktiv;;2009-12-28;2020-11-29;0000-00-00;PT INKA;1;0000-00-00 00:00:00;0000-00-00 00:00:00
8;1820;GB350907;ZZOW 351007;0;4;16;58;2009;28;71;Aktiv;;2009-12-28;2020-11-29;0000-00-00;PT INKA;1;0000-00-00 00:00:00;0000-00-00 00:00:00
9;1821;GB350908;ZZOW 351008;0;4;16;58;2009;28;71;Aktiv;;2009-12-28;2020-11-29;0000-00-00;PT INKA;1;0000-00-00 00:00:00;0000-00-00 00:00:00
10;1822;GB350909;ZZOW 351009;0;4;16;58;2009;28;71;Aktiv;;2009-12-28;2020-11-29;0000-00-00;PT INKA;1;0000-00-00 00:00:00;0000-00-00 00:00:00
11;1823;GB350910;ZZOW 351010;0;4;16;58;2009;25;71;Tidak Aktiv;;2009-12-28;2017-12-27;0000-00-00;PT INKA;1;0000-00-00 00:00:00;0000-00-00 00:00:00
12;2772;GB351201; ;0;4;16;57;2012;28;71;Aktiv;;2009-12-28;2020-11-29;0000-00-00;PT INKA;1;0000-00-00 00:00:00;0000-00-00 00:00:00
13;2773;GB351202; ;0;4;16;57;2012;28;71;Aktiv;;2009-12-28;2020-11-29;0000-00-00;PT INKA;1;0000-00-00 00:00:00;0000-00-00 00:00:00
14;2774;GB351203; ;0;4;16;57;2012;28;71;Aktiv;;2009-12-28;2020-11-29;0000-00-00;PT INKA;1;0000-00-00 00:00:00;0000-00-00 00:00:00
15;2775;GB351204; ;0;4;16;57;2012;28;71;Aktiv;;2009-12-28;2020-11-29;0000-00-00;PT INKA;1;0000-00-00 00:00:00;0000-00-00 00:00:00
16;2776;GB351205; ;0;4;16;57;2012;28;71;Aktiv;;2009-12-28;2020-11-29;0000-00-00;PT INKA;1;0000-00-00 00:00:00;0000-00-00 00:00:00
17;2777;GB351206; ;0;4;16;57;2012;28;71;Aktiv;;2009-12-28;2020-11-29;0000-00-00;PT INKA;1;0000-00-00 00:00:00;0000-00-00 00:00:00
18;2778;GB351207; ;0;4;16;57;2012;28;71;Aktiv;;2009-12-28;2020-11-29;0000-00-00;PT INKA;1;0000-00-00 00:00:00;0000-00-00 00:00:00
19;2779;GB351208; ;0;4;16;57;2012;28;71;Aktiv;;2009-12-28;2020-11-29;0000-00-00;PT INKA;1;0000-00-00 00:00:00;0000-00-00 00:00:00
20;2780;GB351209; ;0;4;16;57;2012;28;71;Aktiv;;2009-12-28;2020-11-29;0000-00-00;PT INKA;1;0000-00-00 00:00:00;0000-00-00 00:00:00
21;2781;GB351210; ;0;4;16;57;2012;28;71;Aktiv;;2009-12-28;2020-11-29;0000-00-00;PT INKA;1;0000-00-00 00:00:00;0000-00-00 00:00:00
22;3178;GD400901;PPCW 401001;0;4;7;54;2009;29;71;Aktiv;;0000-00-00;2020-12-05;0000-00-00;PT INKA;1;0000-00-00 00:00:00;0000-00-00 00:00:00
23;3179;GD400902;PPCW 401002;0;4;7;54;2009;29;71;Aktiv;;0000-00-00;2020-12-05;0000-00-00;PT INKA;1;0000-00-00 00:00:00;0000-00-00 00:00:00
24;3180;GD400903;PPCW 401003;0;4;7;54;2009;29;71;Aktiv;;0000-00-00;2020-12-05;0000-00-00;PT INKA;1;0000-00-00 00:00:00;0000-00-00 00:00:00
25;3181;GD400904;PPCW 401004;0;4;7;54;2009;29;71;Aktiv;;0000-00-00;2020-12-05;0000-00-00;PT INKA;1;0000-00-00 00:00:00;0000-00-00 00:00:00
26;3182;GD400905;PPCW 401005;0;4;7;54;2009;29;71;Aktiv;;0000-00-00;2020-12-05;0000-00-00;PT INKA;1;0000-00-00 00:00:00;0000-00-00 00:00:00
27;3183;GD400906;PPCW 401006;0;4;7;54;2009;29;71;Aktiv;;0000-00-00;2020-12-05;0000-00-00;PT INKA;1;0000-00-00 00:00:00;0000-00-00 00:00:00
28;3184;GD400907;PPCW 401007;0;4;7;54;2009;29;71;Aktiv;;0000-00-00;2020-12-05;0000-00-00;PT INKA;1;0000-00-00 00:00:00;0000-00-00 00:00:00
29;3185;GD400908;PPCW 401008;0;4;7;54;2009;29;71;Aktiv;;0000-00-00;2020-12-05;0000-00-00;PT INKA;1;0000-00-00 00:00:00;0000-00-00 00:00:00
30;3186;GD400909;PPCW 401009;0;4;7;54;2009;29;71;Aktiv;;0000-00-00;2020-12-05;0000-00-00;PT INKA;1;0000-00-00 00:00:00;0000-00-00 00:00:00
31;3187;GD400910;PPCW 401010;0;4;7;54;2009;25;71;Tidak Aktiv;;0000-00-00;2017-12-30;0000-00-00;PT INKA;1;0000-00-00 00:00:00;0000-00-00 00:00:00
32;3326;GD401201; ;0;4;7;0;2012;29;71;Aktiv;;0000-00-00;2020-12-05;0000-00-00;PT INKA;1;0000-00-00 00:00:00;0000-00-00 00:00:00
33;3327;GD401202; ;0;4;7;0;2012;29;71;Aktiv;;0000-00-00;2020-12-05;0000-00-00;PT INKA;1;0000-00-00 00:00:00;0000-00-00 00:00:00
34;3328;GD401203; ;0;4;7;0;2012;29;71;Aktiv;;0000-00-00;2020-12-05;0000-00-00;PT INKA;1;0000-00-00 00:00:00;0000-00-00 00:00:00
35;3329;GD401204; ;0;4;7;0;2012;29;71;Aktiv;;0000-00-00;2020-12-05;0000-00-00;PT INKA;1;0000-00-00 00:00:00;0000-00-00 00:00:00
36;3330;GD401205; ;0;4;7;0;2012;29;71;Aktiv;;0000-00-00;2020-12-05;0000-00-00;PT INKA;1;0000-00-00 00:00:00;0000-00-00 00:00:00
37;3331;GD401206; ;0;4;7;0;2012;29;71;Aktiv;;0000-00-00;2020-12-05;0000-00-00;PT INKA;1;0000-00-00 00:00:00;0000-00-00 00:00:00
38;3332;GD401207; ;0;4;7;0;2012;29;71;Aktiv;;0000-00-00;2020-12-05;0000-00-00;PT INKA;1;0000-00-00 00:00:00;0000-00-00 00:00:00
39;3333;GD401208; ;0;4;7;0;2012;29;71;Aktiv;;0000-00-00;2020-12-05;0000-00-00;PT INKA;1;0000-00-00 00:00:00;0000-00-00 00:00:00
40;3334;GD401209; ;0;4;7;0;2012;29;71;Aktiv;;0000-00-00;2020-12-05;0000-00-00;PT INKA;1;0000-00-00 00:00:00;0000-00-00 00:00:00
41;3335;GD401210; ;0;4;7;0;2012;29;71;Aktiv;;0000-00-00;2020-12-05;0000-00-00;PT INKA;1;0000-00-00 00:00:00;0000-00-00 00:00:00
42;6403;CC3001201;;0;1;14;29;2012;31;32;Aktiv;INDONESIA;9999-09-09;2021-12-04;9999-09-09;PT INKA - BOMBARDIER;1;0000-00-00 00:00:00;0000-00-00 00:00:00
43;6404;CC3001202;;0;1;14;29;2012;25;32;Aktiv;INDONESIA;9999-09-09;2020-05-22;9999-09-09;PT INKA - BOMBARDIER;1;0000-00-00 00:00:00;0000-00-00 00:00:00
44;6405;CC3001203;;0;1;14;29;2012;28;32;Aktiv;INDONESIA;9999-09-09;2020-07-27;9999-09-09;PT INKA - BOMBARDIER;1;0000-00-00 00:00:00;0000-00-00 00:00:00
45;6487;K331309;K3 08209;0;3;27;0;2013;16;62;Tidak Aktiv;;0000-00-00;2019-10-19;0000-00-00;HOLEC-PT INKA (Persero);1;0000-00-00 00:00:00;0000-00-00 00:00:00
46;6488;K331310;K3 08210;0;3;27;0;2013;16;62;Tidak Aktiv;;0000-00-00;2019-10-19;0000-00-00;HOLEC-PT INKA (Persero);1;0000-00-00 00:00:00;0000-00-00 00:00:00
47;11080;SR31001;;0;9;22;79;2010;34;71;Aktiv;;2011-10-10;2016-12-31;0000-00-00;;1;0000-00-00 00:00:00;0000-00-00 00:00:00
48;11086;CC3001401;;0;1;14;29;2014;32;32;Aktiv;Indonesia;2015-04-17;2020-11-07;9999-09-09;PT INKA;1;0000-00-00 00:00:00;0000-00-00 00:00:00
49;11087;CC3001402;;0;1;14;29;2014;34;32;Aktiv;Indonesia;2015-04-17;2020-12-06;9999-09-09;PT INKA;1;0000-00-00 00:00:00;0000-00-00 00:00:00
50;11638;GD401501;;0;4;7;0;2015;30;71;Aktiv;;2015-03-24;2020-11-16;0000-00-00;PT INKA;1;0000-00-00 00:00:00;0000-00-00 00:00:00
51;11639;GD401502;;0;4;7;0;2015;30;71;Aktiv;;2015-03-24;2020-11-16;0000-00-00;PT INKA;1;0000-00-00 00:00:00;0000-00-00 00:00:00
52;11640;GD401503;;0;4;7;0;2015;30;71;Aktiv;;2015-03-24;2020-11-16;0000-00-00;PT INKA;1;0000-00-00 00:00:00;0000-00-00 00:00:00
53;11641;GD401504;;0;4;7;0;2015;30;71;Aktiv;;2015-03-24;2020-11-16;0000-00-00;PT INKA;1;0000-00-00 00:00:00;0000-00-00 00:00:00
54;11642;GD401505;;0;4;7;0;2015;30;71;Aktiv;;2015-03-24;2020-11-16;0000-00-00;PT INKA;1;0000-00-00 00:00:00;0000-00-00 00:00:00
55;11643;GD401506;;0;4;7;0;2015;30;71;Aktiv;;2015-03-24;2020-11-16;0000-00-00;PT INKA;1;0000-00-00 00:00:00;0000-00-00 00:00:00
56;11644;GD401507;;0;4;7;0;2015;30;71;Aktiv;;2015-03-24;2020-11-16;0000-00-00;PT INKA;1;0000-00-00 00:00:00;0000-00-00 00:00:00
57;11645;GD401508;;0;4;7;0;2015;30;71;Aktiv;;2015-03-24;2020-11-16;0000-00-00;PT INKA;1;0000-00-00 00:00:00;0000-00-00 00:00:00
58;11646;GD401509;;0;4;7;0;2015;30;71;Aktiv;;2015-03-24;2020-11-16;0000-00-00;PT INKA;1;0000-00-00 00:00:00;0000-00-00 00:00:00
59;11647;GD401510;;0;4;7;0;2015;30;71;Aktiv;;2015-03-24;2020-11-16;0000-00-00;PT INKA;1;0000-00-00 00:00:00;0000-00-00 00:00:00
60;11648;SI00901;;0;9;23;0;2009;25;71;Aktiv;;0000-00-00;2021-12-04;0000-00-00;PT INKA;1;0000-00-00 00:00:00;0000-00-00 00:00:00
61;11649;SI00902;;0;9;23;0;2009;25;71;Aktiv;;0000-00-00;2021-12-04;0000-00-00;PT INKA;1;0000-00-00 00:00:00;0000-00-00 00:00:00
62;11650;SI01101;;0;9;23;0;2011;25;71;Aktiv;;0000-00-00;2021-12-04;0000-00-00;PT INKA;1;0000-00-00 00:00:00;0000-00-00 00:00:00
63;11651;SI01102;;0;9;23;0;2011;25;71;Aktiv;;0000-00-00;2021-12-04;0000-00-00;PT INKA;1;0000-00-00 00:00:00;0000-00-00 00:00:00
64;11652;MP301003;;0;11;35;0;2010;25;71;Aktiv;;0000-00-00;2021-12-04;0000-00-00;PT INKA;1;0000-00-00 00:00:00;0000-00-00 00:00:00
65;11653;SN01501(*);;0;9;9;0;2015;35;71;Aktiv;;0000-00-00;0000-00-00;0000-00-00;PT INKA;1;0000-00-00 00:00:00;0000-00-00 00:00:00
66;11736;SR31404;MTT CSM 6042;0;9;22;0;2014;29;71;Aktiv;;2015-04-14;2016-04-14;0000-00-00;PLASSER AND THEURER;1;0000-00-00 00:00:00;0000-00-00 00:00:00
67;11737;SR31406;MTT CSM 6044;0;9;22;0;2014;29;71;Aktiv;;2015-04-14;2020-12-04;0000-00-00;PLASSER AND THEURER;1;0000-00-00 00:00:00;0000-00-00 00:00:00
68;11738;SR31407;MTT CSM 6045;0;9;22;0;2014;32;71;Aktiv;;2015-04-14;2020-11-07;0000-00-00;PLASSER AND THEURER;1;0000-00-00 00:00:00;0000-00-00 00:00:00
69;11739;SU31401;;0;9;21;0;2014;25;71;Aktiv;;2015-04-10;2020-12-04;0000-00-00;;1;0000-00-00 00:00:00;0000-00-00 00:00:00
70;13744;SR31401;MTT CSM 6039;0;9;22;0;2014;28;71;Aktiv;;2014-03-17;2020-12-12;0000-00-00;PLASSER AND THEURER;1;0000-00-00 00:00:00;0000-00-00 00:00:00
71;13745;SR31402;MTT CSM 6040;0;9;22;0;2014;29;24;Aktiv;;2014-09-01;2020-12-13;0000-00-00;PLASSER AND THEURER;1;0000-00-00 00:00:00;0000-00-00 00:00:00
72;13746;SR31403;MTT CSM 6041;0;9;22;0;2014;25;71;Aktiv;;2014-09-01;2020-12-13;0000-00-00;PLASSER AND THEURER;1;0000-00-00 00:00:00;0000-00-00 00:00:00
73;13747;SR31405;MTT CSM 6043;0;9;22;0;2014;32;71;Aktiv;;2014-09-01;2020-11-07;0000-00-00;PLASSER AND THEURER;1;0000-00-00 00:00:00;0000-00-00 00:00:00
74;14961;SI01601;;0;9;23;0;2016;25;71;Aktiv;INDONESIA;2016-03-24;2021-12-04;0000-00-00;PT INKA;1;0000-00-00 00:00:00;0000-00-00 00:00:00
75;14962;GD401601;;0;4;7;0;2016;32;71;Aktiv;INDONESIA;2016-01-21;2020-12-20;0000-00-00;PT INKA;1;0000-00-00 00:00:00;0000-00-00 00:00:00
76;14963;GD401602;;0;4;7;0;2016;32;71;Aktiv;INDONESIA;2016-01-21;2020-12-20;0000-00-00;PT INKA;1;0000-00-00 00:00:00;0000-00-00 00:00:00
77;14964;GD401603;;0;4;7;0;2016;32;71;Aktiv;INDONESIA;2016-01-21;2020-12-20;0000-00-00;PT INKA;1;0000-00-00 00:00:00;0000-00-00 00:00:00
78;14965;GD401604;;0;4;7;0;2016;32;71;Aktiv;INDONESIA;2016-01-21;2020-12-20;0000-00-00;PT INKA;1;0000-00-00 00:00:00;0000-00-00 00:00:00
79;14966;GD401605;;0;4;7;0;2016;32;71;Aktiv;INDONESIA;2016-01-21;2020-12-20;0000-00-00;PT INKA;1;0000-00-00 00:00:00;0000-00-00 00:00:00
80;14967;GD401606;;0;4;7;0;2016;32;71;Aktiv;INDONESIA;2016-01-21;2020-12-20;0000-00-00;PT INKA;1;0000-00-00 00:00:00;0000-00-00 00:00:00
81;14968;GD401607;;0;4;7;0;2016;32;71;Aktiv;INDONESIA;2016-01-21;2020-12-20;0000-00-00;PT INKA;1;0000-00-00 00:00:00;0000-00-00 00:00:00
82;14969;GD401608;;0;4;7;0;2016;32;71;Aktiv;INDONESIA;2016-01-21;2020-12-20;0000-00-00;PT INKA;1;0000-00-00 00:00:00;0000-00-00 00:00:00
83;14970;GD401609;;0;4;7;0;2016;32;71;Aktiv;INDONESIA;2016-01-21;2020-12-20;0000-00-00;PT INKA;1;0000-00-00 00:00:00;0000-00-00 00:00:00
84;14971;GD401610;;0;4;7;0;2016;32;71;Aktiv;INDONESIA;2016-01-21;2020-12-20;0000-00-00;PT INKA;1;0000-00-00 00:00:00;0000-00-00 00:00:00
85;14972;GB351601;;0;4;16;0;2016;32;71;Aktiv;INDONESIA;2016-01-21;2020-12-20;0000-00-00;PT INKA;1;0000-00-00 00:00:00;0000-00-00 00:00:00
86;14973;GB351602;;0;4;16;0;2016;32;71;Aktiv;INDONESIA;2016-01-21;2020-12-20;0000-00-00;PT INKA;1;0000-00-00 00:00:00;0000-00-00 00:00:00
87;14974;GB351603;;0;4;16;0;2016;32;71;Aktiv;INDONESIA;2016-01-21;2020-12-20;0000-00-00;PT INKA;1;0000-00-00 00:00:00;0000-00-00 00:00:00
88;14975;GB351604;;0;4;16;0;2016;32;71;Aktiv;INDONESIA;2016-01-21;2020-12-20;0000-00-00;PT INKA;1;0000-00-00 00:00:00;0000-00-00 00:00:00
89;14976;GB351605;;0;4;16;0;2016;32;71;Aktiv;INDONESIA;2016-01-21;2020-12-20;0000-00-00;PT INKA;1;0000-00-00 00:00:00;0000-00-00 00:00:00
90;14977;GB351606;;0;4;16;0;2016;32;71;Aktiv;INDONESIA;2016-01-21;2020-12-20;0000-00-00;PT INKA;1;0000-00-00 00:00:00;0000-00-00 00:00:00
91;14978;GB351607;;0;4;16;0;2016;32;71;Aktiv;INDONESIA;2016-01-21;2020-12-20;0000-00-00;PT INKA;1;0000-00-00 00:00:00;0000-00-00 00:00:00
92;14979;GB351608;;0;4;16;0;2016;32;71;Aktiv;INDONESIA;2016-01-21;2020-12-20;0000-00-00;PT INKA;1;0000-00-00 00:00:00;0000-00-00 00:00:00
93;14980;GB351609;;0;4;16;0;2016;32;71;Aktiv;INDONESIA;2016-01-21;2020-12-20;0000-00-00;PT INKA;1;0000-00-00 00:00:00;0000-00-00 00:00:00
94;14981;GB351610;;0;4;16;0;2016;32;71;Aktiv;INDONESIA;2016-01-21;2020-12-20;0000-00-00;PT INKA;1;0000-00-00 00:00:00;0000-00-00 00:00:00
95;14982;SI31601;;0;9;23;0;2016;28;71;Aktiv;INDONESIA;2016-04-27;2020-11-29;0000-00-00;PT INKA;1;0000-00-00 00:00:00;0000-00-00 00:00:00
96;14983;SI31602;;0;9;23;0;2016;28;71;Aktiv;INDONESIA;2016-04-27;2020-11-29;0000-00-00;PT INKA;1;0000-00-00 00:00:00;0000-00-00 00:00:00
97;15028;SI30901;;0;9;23;0;2009;29;71;Aktiv;;0000-00-00;2020-12-04;0000-00-00;;1;0000-00-00 00:00:00;0000-00-00 00:00:00
98;15029;SI31101;;0;9;23;0;2011;32;71;Aktiv;;0000-00-00;2020-12-20;0000-00-00;;1;0000-00-00 00:00:00;0000-00-00 00:00:00
99;15101;GD401611;;0;4;7;0;2016;34;71;Aktiv;INDONESIA;2017-01-06;2020-12-06;0000-00-00;PT INKA;1;0000-00-00 00:00:00;0000-00-00 00:00:00
100;15102;GD401612;;0;4;7;0;2016;34;71;Aktiv;INDONESIA;2017-01-06;2020-12-06;0000-00-00;PT INKA;1;0000-00-00 00:00:00;0000-00-00 00:00:00
101;15103;GD401613;;0;4;7;0;2016;34;71;Aktiv;INDONESIA;2017-01-06;2020-12-06;0000-00-00;PT INKA;1;0000-00-00 00:00:00;0000-00-00 00:00:00
102;15104;GD401614;;0;4;7;0;2016;34;71;Aktiv;INDONESIA;2017-01-06;2020-12-06;0000-00-00;PT INKA;1;0000-00-00 00:00:00;0000-00-00 00:00:00
103;15105;GD401615;;0;4;7;0;2016;34;71;Aktiv;INDONESIA;2017-01-06;2020-12-06;0000-00-00;PT INKA;1;0000-00-00 00:00:00;0000-00-00 00:00:00
104;15106;GD401616;;0;4;7;0;2016;34;71;Aktiv;INDONESIA;2017-01-06;2020-12-06;0000-00-00;PT INKA;1;0000-00-00 00:00:00;0000-00-00 00:00:00
105;15107;GD401617;;0;4;7;0;2016;34;71;Aktiv;INDONESIA;2017-01-06;2020-12-06;0000-00-00;PT INKA;1;0000-00-00 00:00:00;0000-00-00 00:00:00
106;15108;GD401618;;0;4;7;0;2016;34;71;Aktiv;INDONESIA;2017-01-06;2020-12-06;0000-00-00;PT INKA;1;0000-00-00 00:00:00;0000-00-00 00:00:00
107;15109;GD401619;;0;4;7;0;2016;34;71;Aktiv;INDONESIA;2017-01-06;2020-12-06;0000-00-00;PT INKA;1;0000-00-00 00:00:00;0000-00-00 00:00:00
108;15110;GD401620;;0;4;7;0;2016;34;71;Aktiv;INDONESIA;2017-01-06;2020-12-06;0000-00-00;PT INKA;1;0000-00-00 00:00:00;0000-00-00 00:00:00
109;15111;GB351611;;0;4;16;0;2016;34;71;Aktiv;INDONESIA;2017-01-06;2020-12-06;0000-00-00;PT INKA;1;0000-00-00 00:00:00;0000-00-00 00:00:00
110;15112;GB351612;;0;4;16;0;2016;34;71;Aktiv;INDONESIA;2017-01-06;2020-12-06;0000-00-00;PT INKA;1;0000-00-00 00:00:00;0000-00-00 00:00:00
111;15113;GB351613;;0;4;16;0;2016;34;71;Aktiv;INDONESIA;2017-01-06;2020-12-06;0000-00-00;PT INKA;1;0000-00-00 00:00:00;0000-00-00 00:00:00
112;15114;GB351614;;0;4;16;0;2016;34;71;Aktiv;INDONESIA;2017-01-06;2020-12-06;0000-00-00;PT INKA;1;0000-00-00 00:00:00;0000-00-00 00:00:00
113;15115;GB351615;;0;4;16;0;2016;34;71;Aktiv;INDONESIA;2017-01-06;2020-12-06;0000-00-00;PT INKA;1;0000-00-00 00:00:00;0000-00-00 00:00:00
114;15116;GB351616;;0;4;16;0;2016;34;71;Aktiv;INDONESIA;2017-01-06;2020-12-06;0000-00-00;PT INKA;1;0000-00-00 00:00:00;0000-00-00 00:00:00
115;15117;GB351617;;0;4;16;0;2016;34;71;Aktiv;INDONESIA;2017-01-06;2020-12-06;0000-00-00;PT INKA;1;0000-00-00 00:00:00;0000-00-00 00:00:00
116;15118;GB351618;;0;4;16;0;2016;34;71;Aktiv;INDONESIA;2017-01-06;2020-12-06;0000-00-00;PT INKA;1;0000-00-00 00:00:00;0000-00-00 00:00:00
117;15119;GB351619;;0;4;16;0;2016;34;71;Aktiv;INDONESIA;2017-01-06;2020-12-06;0000-00-00;PT INKA;1;0000-00-00 00:00:00;0000-00-00 00:00:00
118;15120;GB351620;;0;4;16;0;2016;34;71;Aktiv;INDONESIA;2017-01-06;2020-12-06;0000-00-00;PT INKA;1;0000-00-00 00:00:00;0000-00-00 00:00:00
119;15447;SR31602;;0;9;22;0;2017;35;71;Aktiv;AMERIKA;0000-00-00;0000-00-00;0000-00-00;HARSCO;1;0000-00-00 00:00:00;0000-00-00 00:00:00
120;15448;SK31201;;0;9;41;0;2017;25;71;Aktiv;PRANCIS;0000-00-00;0000-00-00;0000-00-00;Geismar;1;0000-00-00 00:00:00;0000-00-00 00:00:00
121;15449;SK31301;;0;9;41;0;2017;25;71;Aktiv;;0000-00-00;0000-00-00;0000-00-00;MAN;1;0000-00-00 00:00:00;0000-00-00 00:00:00
122;15450;SK31302;;0;9;41;0;2017;25;71;Aktiv;;0000-00-00;0000-00-00;0000-00-00;VAIA Car;1;0000-00-00 00:00:00;0000-00-00 00:00:00
123;15451;SK31303;;0;9;41;0;2017;25;71;Aktiv;;0000-00-00;0000-00-00;0000-00-00;VAIA Car;1;0000-00-00 00:00:00;0000-00-00 00:00:00
124;15452;SK31401;;0;9;41;0;2017;25;71;Aktiv;PRANCIS;0000-00-00;0000-00-00;0000-00-00;Geismar;1;0000-00-00 00:00:00;0000-00-00 00:00:00
125;15453;SK31402;;0;9;41;0;2017;34;71;Aktiv;PRANCIS;0000-00-00;0000-00-00;0000-00-00;Geismar;1;0000-00-00 00:00:00;0000-00-00 00:00:00
126;15454;SI31501;;0;9;23;0;2016;25;71;Aktiv;INDONESIA;0000-00-00;2020-12-05;0000-00-00;PT INKA;1;0000-00-00 00:00:00;0000-00-00 00:00:00
127;15455;SI31502;;0;9;23;0;2016;25;71;Aktiv;INDONESIA;0000-00-00;2020-12-05;0000-00-00;PT INKA;1;0000-00-00 00:00:00;0000-00-00 00:00:00
128;15512;SR31601;;0;9;22;0;2017;32;71;Aktiv;AMERIKA;0000-00-00;0000-00-00;0000-00-00;Harscho;1;0000-00-00 00:00:00;0000-00-00 00:00:00
129;15515;SU31701;;0;9;21;0;2017;35;71;Aktiv;;0000-00-00;2020-12-30;0000-00-00;PT INKA;1;0000-00-00 00:00:00;0000-00-00 00:00:00
130;15516;SU31702;;0;9;21;0;2017;35;71;Aktiv;;0000-00-00;2020-11-07;0000-00-00;PT INKA;1;0000-00-00 00:00:00;0000-00-00 00:00:00
131;15517;SI31701;;0;9;23;0;2017;35;71;Aktiv;;0000-00-00;2020-12-20;0000-00-00;PT INKA;1;0000-00-00 00:00:00;0000-00-00 00:00:00
132;15518;SI31702;;0;9;23;0;2017;35;71;Aktiv;;0000-00-00;2020-12-20;0000-00-00;PT INKA;1;0000-00-00 00:00:00;0000-00-00 00:00:00
133;15519;SN01701;;0;9;19;0;2017;32;71;Aktiv;;0000-00-00;2018-11-09;0000-00-00;PT INKA;1;0000-00-00 00:00:00;0000-00-00 00:00:00
134;15520;GD401701;;0;4;7;0;2017;32;71;Aktiv;;0000-00-00;2018-11-09;0000-00-00;PT INKA;1;0000-00-00 00:00:00;0000-00-00 00:00:00
135;15521;SC31701;;0;9;20;0;2017;32;71;Aktiv;JERMAN;0000-00-00;2018-08-24;0000-00-00;KIROW;1;0000-00-00 00:00:00;0000-00-00 00:00:00
136;15532;SR31511;;0;9;22;0;2015;25;71;Tidak Aktiv;AUSTRIA;0000-00-00;0000-00-00;0000-00-00;PLASSER AND THEURER;1;0000-00-00 00:00:00;0000-00-00 00:00:00
137;15533;SR31701;;0;9;22;0;2017;34;71;Aktiv;AUSTRIA;0000-00-00;2019-02-12;0000-00-00;PLASSER AND THEURER;1;0000-00-00 00:00:00;0000-00-00 00:00:00
138;15534;SR31702;;0;9;22;0;2017;34;71;Aktiv;AUSTRIA;0000-00-00;2019-02-12;0000-00-00;PLASSER AND THEURER;1;0000-00-00 00:00:00;0000-00-00 00:00:00
139;15941;SR31801;;0;9;22;0;2018;35;71;Aktiv;SWISS;0000-00-00;2019-09-22;0000-00-00;MATISA;1;0000-00-00 00:00:00;0000-00-00 00:00:00
140;15942;SR31802;;0;9;22;0;2018;35;71;Aktiv;SWISS;0000-00-00;2019-09-22;0000-00-00;MATISA;1;0000-00-00 00:00:00;0000-00-00 00:00:00
141;16037;SU01801;;0;9;21;0;2018;25;71;Aktiv;INDONESIA;2018-11-09;2021-12-04;0000-00-00;PT INKA;1;0000-00-00 00:00:00;0000-00-00 00:00:00
142;16110;GD401401;;0;4;7;0;2014;30;71;Aktiv;Indonesia;0000-00-00;2020-12-12;0000-00-00;PT INKA;1;0000-00-00 00:00:00;0000-00-00 00:00:00
143;16111;GD401402;;0;4;7;0;2014;30;71;Aktiv;Indonesia;0000-00-00;2020-12-12;0000-00-00;PT INKA;1;0000-00-00 00:00:00;0000-00-00 00:00:00
144;16112;GD401403;;0;4;7;0;2014;30;71;Aktiv;Indonesia;0000-00-00;2020-12-12;0000-00-00;PT INKA;1;0000-00-00 00:00:00;0000-00-00 00:00:00
145;16113;GD401404;;0;4;7;0;2014;30;71;Aktiv;Indonesia;0000-00-00;2020-12-12;0000-00-00;PT INKA;1;0000-00-00 00:00:00;0000-00-00 00:00:00
146;16114;GD401405;;0;4;7;0;2014;30;71;Aktiv;Indonesia;0000-00-00;2020-12-12;0000-00-00;PT INKA;1;0000-00-00 00:00:00;0000-00-00 00:00:00
147;16115;GD401406;;0;4;7;0;2014;30;71;Aktiv;Indonesia;0000-00-00;2020-12-12;0000-00-00;PT INKA;1;0000-00-00 00:00:00;0000-00-00 00:00:00
148;16116;GD401407;;0;4;7;0;2014;30;71;Aktiv;Indonesia;0000-00-00;2020-12-12;0000-00-00;PT INKA;1;0000-00-00 00:00:00;0000-00-00 00:00:00
149;16117;GD401408;;0;4;7;0;2014;30;71;Aktiv;Indonesia;0000-00-00;2020-12-12;0000-00-00;PT INKA;1;0000-00-00 00:00:00;0000-00-00 00:00:00
150;16118;SU31601;;0;9;21;0;2016;28;71;Aktiv;Indonesia;0000-00-00;2020-11-29;0000-00-00;PT INKA;1;0000-00-00 00:00:00;0000-00-00 00:00:00
151;16119;SR31201A;;0;9;22;0;2012;28;71;Aktiv;Indonesia;0000-00-00;0000-00-00;0000-00-00;PT INKA;1;0000-00-00 00:00:00;0000-00-00 00:00:00
152;16120;SR31501A;;0;9;22;0;2015;35;71;Aktiv;Indonesia;0000-00-00;0000-00-00;0000-00-00;PT INKA;1;0000-00-00 00:00:00;0000-00-00 00:00:00
153;16121;SN00801A;;0;9;19;0;2008;30;71;Aktiv;Indonesia;0000-00-00;0000-00-00;0000-00-00;PT INKA;1;0000-00-00 00:00:00;0000-00-00 00:00:00
154;16122;SN00802A;;0;9;19;0;2008;29;71;Aktiv;Indonesia;0000-00-00;0000-00-00;0000-00-00;PT INKA;1;0000-00-00 00:00:00;0000-00-00 00:00:00
155;16123;SK21501;;0;9;41;0;2015;29;71;Aktiv;Indonesia;0000-00-00;0000-00-00;0000-00-00;PT INKA;1;0000-00-00 00:00:00;0000-00-00 00:00:00
156;16124;SK21502;;0;9;41;0;2015;31;71;Aktiv;Indonesia;0000-00-00;0000-00-00;0000-00-00;PT INKA;1;0000-00-00 00:00:00;0000-00-00 00:00:00
157;16125;SK21503;;0;9;41;0;2015;30;71;Aktiv;Indonesia;0000-00-00;0000-00-00;0000-00-00;PT INKA;1;0000-00-00 00:00:00;0000-00-00 00:00:00
158;16126;SK21504;;0;9;41;0;2015;32;71;Aktiv;Indonesia;0000-00-00;0000-00-00;0000-00-00;PT INKA;1;0000-00-00 00:00:00;0000-00-00 00:00:00
159;16127;SK21505;;0;9;41;0;2015;34;71;Aktiv;Indonesia;0000-00-00;0000-00-00;0000-00-00;PT INKA;1;0000-00-00 00:00:00;0000-00-00 00:00:00
160;16412;SN01401;;0;9;19;0;2014;25;71;Aktiv;Indonesia;0000-00-00;2020-12-20;0000-00-00;PT INKA;1;0000-00-00 00:00:00;0000-00-00 00:00:00
161;16812;K311101;;0;2;3;0;2011;25;71;Aktiv;INDONESIA;0000-00-00;0000-00-00;0000-00-00;PT INKA;1;0000-00-00 00:00:00;0000-00-00 00:00:00
162;16813;K311102;;0;2;3;0;2011;25;71;Aktiv;INDONESIA;0000-00-00;0000-00-00;0000-00-00;PT INKA;1;0000-00-00 00:00:00;0000-00-00 00:00:00
163;16814;K311103;;0;2;3;0;2011;25;71;Aktiv;INDONESIA;0000-00-00;0000-00-00;0000-00-00;PT INKA;1;0000-00-00 00:00:00;0000-00-00 00:00:00
164;16815;K311104;;0;2;3;0;2011;25;71;Aktiv;INDONESIA;0000-00-00;0000-00-00;0000-00-00;PT INKA;1;0000-00-00 00:00:00;0000-00-00 00:00:00
165;16816;K311105;;0;2;3;0;2011;25;71;Aktiv;INDONESIA;0000-00-00;0000-00-00;0000-00-00;PT INKA;1;0000-00-00 00:00:00;0000-00-00 00:00:00
166;16817;K311106;;0;2;3;0;2011;25;71;Aktiv;INDONESIA;0000-00-00;0000-00-00;0000-00-00;PT INKA;1;0000-00-00 00:00:00;0000-00-00 00:00:00
167;16818;K311107;;0;2;3;0;2011;25;71;Aktiv;INDONESIA;0000-00-00;0000-00-00;0000-00-00;PT INKA;1;0000-00-00 00:00:00;0000-00-00 00:00:00
168;16819;K311108;;0;2;3;0;2011;25;71;Aktiv;INDONESIA;0000-00-00;0000-00-00;0000-00-00;PT INKA;1;0000-00-00 00:00:00;0000-00-00 00:00:00
169;16820;K311109;;0;2;3;0;2011;25;71;Aktiv;INDONESIA;0000-00-00;2021-09-04;0000-00-00;PT INKA;1;0000-00-00 00:00:00;0000-00-00 00:00:00
170;16821;K311110;;0;2;3;0;2011;25;71;Aktiv;INDONESIA;0000-00-00;2021-09-04;0000-00-00;PT INKA;1;0000-00-00 00:00:00;0000-00-00 00:00:00
171;16822;K311111;;0;2;3;0;2011;25;71;Aktiv;INDONESIA;0000-00-00;2021-09-04;0000-00-00;PT INKA;1;0000-00-00 00:00:00;0000-00-00 00:00:00
172;16823;K311112;;0;2;3;0;2011;25;71;Aktiv;INDONESIA;0000-00-00;2021-09-04;0000-00-00;PT INKA;1;0000-00-00 00:00:00;0000-00-00 00:00:00
173;16824;K311113;;0;2;3;0;2011;25;71;Aktiv;INDONESIA;0000-00-00;0000-00-00;0000-00-00;PT INKA;1;0000-00-00 00:00:00;0000-00-00 00:00:00
174;16825;K311114;;0;2;3;0;2011;25;71;Aktiv;INDONESIA;0000-00-00;0000-00-00;0000-00-00;PT INKA;1;0000-00-00 00:00:00;0000-00-00 00:00:00
175;16826;K311115;;0;2;3;0;2011;25;71;Aktiv;INDONESIA;0000-00-00;0000-00-00;0000-00-00;PT INKA;1;0000-00-00 00:00:00;0000-00-00 00:00:00
176;16827;K311116;;0;2;3;0;2011;25;71;Aktiv;INDONESIA;0000-00-00;0000-00-00;0000-00-00;PT INKA;1;0000-00-00 00:00:00;0000-00-00 00:00:00
177;16828;K311117;;0;2;3;0;2011;25;71;Aktiv;INDONESIA;0000-00-00;0000-00-00;0000-00-00;PT INKA;1;0000-00-00 00:00:00;0000-00-00 00:00:00
178;16829;K311118;;0;2;3;0;2011;25;71;Aktiv;INDONESIA;0000-00-00;0000-00-00;0000-00-00;PT INKA;1;0000-00-00 00:00:00;0000-00-00 00:00:00
179;16830;K311119;;0;2;3;0;2011;25;71;Aktiv;INDONESIA;0000-00-00;0000-00-00;0000-00-00;PT INKA;1;0000-00-00 00:00:00;0000-00-00 00:00:00
180;16831;K311120;;0;2;3;0;2011;25;71;Aktiv;INDONESIA;0000-00-00;0000-00-00;0000-00-00;PT INKA;1;0000-00-00 00:00:00;0000-00-00 00:00:00
181;16832;K311121;;0;2;3;0;2011;25;71;Aktiv;INDONESIA;0000-00-00;0000-00-00;0000-00-00;PT INKA;1;0000-00-00 00:00:00;0000-00-00 00:00:00
182;16833;K311122;;0;2;3;0;2011;25;71;Aktiv;INDONESIA;0000-00-00;0000-00-00;0000-00-00;PT INKA;1;0000-00-00 00:00:00;0000-00-00 00:00:00
183;16834;K311123;;0;2;3;0;2011;25;71;Aktiv;INDONESIA;0000-00-00;0000-00-00;0000-00-00;PT INKA;1;0000-00-00 00:00:00;0000-00-00 00:00:00
184;16835;K311124;;0;2;3;0;2011;25;71;Aktiv;INDONESIA;0000-00-00;0000-00-00;0000-00-00;PT INKA;1;0000-00-00 00:00:00;0000-00-00 00:00:00
185;16836;K311125;;0;2;3;0;2011;25;71;Aktiv;INDONESIA;0000-00-00;0000-00-00;0000-00-00;PT INKA;1;0000-00-00 00:00:00;0000-00-00 00:00:00
186;16837;K311126;;0;2;3;0;2011;25;71;Aktiv;INDONESIA;0000-00-00;0000-00-00;0000-00-00;PT INKA;1;0000-00-00 00:00:00;0000-00-00 00:00:00
187;16838;K311127;;0;2;3;0;2011;25;71;Aktiv;INDONESIA;0000-00-00;0000-00-00;0000-00-00;PT INKA;1;0000-00-00 00:00:00;0000-00-00 00:00:00
188;16839;K311128;;0;2;3;0;2011;25;71;Aktiv;INDONESIA;0000-00-00;0000-00-00;0000-00-00;PT INKA;1;0000-00-00 00:00:00;0000-00-00 00:00:00
189;16840;K311129;;0;2;3;0;2011;25;71;Aktiv;INDONESIA;0000-00-00;2021-12-04;0000-00-00;PT INKA;1;0000-00-00 00:00:00;0000-00-00 00:00:00
190;16841;K311130;;0;2;3;0;2011;25;71;Aktiv;INDONESIA;0000-00-00;2021-12-04;0000-00-00;PT INKA;1;0000-00-00 00:00:00;0000-00-00 00:00:00
191;16842;K311131;;0;2;3;0;2011;25;71;Aktiv;INDONESIA;0000-00-00;2021-12-04;0000-00-00;PT INKA;1;0000-00-00 00:00:00;0000-00-00 00:00:00
192;16843;K311132;;0;2;3;0;2011;25;71;Aktiv;INDONESIA;0000-00-00;2021-12-04;0000-00-00;PT INKA;1;0000-00-00 00:00:00;0000-00-00 00:00:00
193;16844;K311133;;0;2;3;0;2011;25;71;Aktiv;INDONESIA;0000-00-00;2021-09-04;0000-00-00;PT INKA;1;0000-00-00 00:00:00;0000-00-00 00:00:00
194;16845;K311134;;0;2;3;0;2011;25;71;Aktiv;INDONESIA;0000-00-00;2021-09-04;0000-00-00;PT INKA;1;0000-00-00 00:00:00;0000-00-00 00:00:00
195;16846;K311135;;0;2;3;0;2011;25;71;Aktiv;INDONESIA;0000-00-00;2021-09-04;0000-00-00;PT INKA;1;0000-00-00 00:00:00;0000-00-00 00:00:00
196;16847;K311136;;0;2;3;0;2011;25;71;Aktiv;INDONESIA;0000-00-00;2021-09-04;0000-00-00;PT INKA;1;0000-00-00 00:00:00;0000-00-00 00:00:00
197;16848;K311137;;0;2;3;0;2011;25;71;Aktiv;INDONESIA;0000-00-00;0000-00-00;0000-00-00;PT INKA;1;0000-00-00 00:00:00;0000-00-00 00:00:00
198;16849;K311138;;0;2;3;0;2011;25;71;Aktiv;INDONESIA;0000-00-00;0000-00-00;0000-00-00;PT INKA;1;0000-00-00 00:00:00;0000-00-00 00:00:00
199;16850;K311139;;0;2;3;0;2011;25;71;Aktiv;INDONESIA;0000-00-00;0000-00-00;0000-00-00;PT INKA;1;0000-00-00 00:00:00;0000-00-00 00:00:00
200;16851;K311140;;0;2;3;0;2011;25;71;Aktiv;INDONESIA;0000-00-00;0000-00-00;0000-00-00;PT INKA;1;0000-00-00 00:00:00;0000-00-00 00:00:00
201;16876;SK11901;;0;9;41;0;2019;34;77;Aktiv;ITALY;0000-00-00;0000-00-00;0000-00-00;ZEPHIR;1;0000-00-00 00:00:00;0000-00-00 00:00:00
